run_index,success,navigation_time,search_time,error_all,error,iterations,variance,source_all_x,source_all_y,source_x,source_y,robot_x,robot_y
1,1,53.842946,86.614983,0.990532,0.971195,12,0.485493,0.307227,1.915074,0.371105,1.963236,0.522303,2.094153
2,1,60.646674,85.460306,0.850121,0.872142,11,0.355756,-0.007948,2.522493,-0.020238,2.601543,-0.014806,2.801469
3,1,61.971576,83.817174,0.899723,0.925590,10,0.380986,-0.619528,2.844206,-0.695014,2.870701,-0.838879,3.009635
4,1,55.504560,80.270698,0.892513,0.878150,8,0.388631,-1.246428,2.527020,-1.305427,2.472992,-1.505043,2.460592
5,1,52.983723,82.413243,0.949734,0.919259,8,0.438161,-1.522126,1.852071,-1.502361,1.774551,-1.627927,1.618881
