run_index,success,navigation_time,search_time,error_all,error,iterations,variance,source_all_x,source_all_y,source_x,source_y,robot_x,robot_y
1,1,54.612927,75.097427,0.939256,0.966751,8,0.397414,-0.999344,1.158246,-1.034009,1.086146,-0.987552,0.891617
2,1,53.702442,73.352023,1.168430,1.150466,9,0.650775,-0.237145,0.939690,-0.189959,0.875087,-0.015057,0.778086
3,1,49.584564,74.663662,1.043617,1.009877,10,0.530292,0.259963,1.567735,0.339191,1.578822,0.528808,1.642424
4,1,49.718483,73.921191,1.458550,1.465854,10,1.063664,0.689962,2.517308,0.717601,2.592382,0.798635,2.775230
5,1,55.243293,75.152148,1.169872,1.212296,9,0.632130,-0.203509,3.052839,-0.256634,3.112653,-0.336875,3.295850
