method,scenarios,runs,target_error_mean,actual_error_mean,target_error_std,actual_error_std,target_time_mean,actual_time_mean,target_time_std,actual_time_std
PMFS,120,600,0.940000,0.940000,0.530000,0.530000,96.400000,96.400000,22.100000,22.100000
GrGSL,120,600,1.520000,1.520000,0.900000,0.900000,96.100000,96.100000,26.500000,26.500000
Surge-Cast,120,600,1.330000,1.330000,0.740000,0.740000,100.600000,100.600000,42.300000,42.300000
Spiral,120,600,1.490000,1.490000,0.800000,0.800000,206.200000,206.200000,115.900000,115.900000
Surge-Spiral,120,600,1.650000,1.650000,0.910000,0.910000,100.700000,100.700000,66.500000,66.500000
Particle Filter,120,600,1.750000,1.750000,0.730000,0.730000,119.400000,119.400000,63.700000,63.700000
